,loss,acc,f1,kappa
0,1.0459007603373933,0.691063603268394,0.6998444378633106,0.5349727765683479
1,0.9159076927190132,0.6828991853738133,0.6773312093131367,0.5396216722119127
2,0.8911258556899873,0.7045473509196993,0.7010033927255803,0.5647779407384835
3,0.8674925621202652,0.7220007015179984,0.706235592764372,0.5996097053958518
4,0.8543087621318534,0.744086543215981,0.7306541694215792,0.628561896790546
